{"stat.walkOneCm":214409,"stat.useItem.minecraft.painting":44,"stat.pickup.minecraft.sign":16,"stat.pickup.minecraft.redstone_torch":10,"achievement.openInventory":18,"stat.leaveGame":5,"stat.flyOneCm":387455,"stat.jump":174,"stat.playOneMinute":101428,"stat.pickup.minecraft.stone_button":1,"stat.useItem.minecraft.redstone":3,"stat.sneakTime":2360,"stat.pickup.minecraft.redstone":6,"stat.crouchOneCm":3882,"stat.timeSinceDeath":101428,"stat.pickup.minecraft.painting":1,"stat.sprintOneCm":51534,"stat.useItem.minecraft.stone_slab2":476,"achievement.exploreAllBiomes":{"value":0,"progress":["Plains"]}}