{"stat.beaconInteraction":3,"stat.useItem.minecraft.lapis_block":3,"stat.useItem.minecraft.quartz_block":681,"stat.useItem.minecraft.painting":175,"stat.pickup.minecraft.redstone_torch":23,"stat.useItem.minecraft.repeater":1546,"stat.leaveGame":90,"stat.useItem.minecraft.log2":16,"stat.useItem.minecraft.bookshelf":87,"stat.useItem.minecraft.repeating_command_block":263,"stat.pickup.minecraft.flower_pot":1,"stat.swimOneCm":11221,"stat.useItem.minecraft.planks":169,"stat.useItem.minecraft.end_rod":2,"stat.useItem.minecraft.nether_brick_stairs":65,"stat.useItem.minecraft.redstone_torch":214,"stat.useItem.minecraft.dirt":3236,"stat.useItem.minecraft.stone_slab2":1487,"achievement.exploreAllBiomes":{"value":0,"progress":["Plains"]},"stat.useItem.minecraft.water_bucket":430,"stat.drop.minecraft.redstone_torch":1,"stat.mineBlock.asistmod.block_victim_2":2,"stat.useItem.minecraft.red_nether_brick":94,"stat.useItem.minecraft.vine":4,"stat.mineBlock.asistmod.block_victim_1":2,"stat.useItem.minecraft.birch_boat":1,"stat.useItem.minecraft.brick_block":50,"stat.useItem.minecraft.anvil":9,"stat.flyOneCm":19872524,"stat.pickup.minecraft.fish":64,"stat.pickup.minecraft.redstone":11,"stat.timeSinceDeath":3223289,"stat.hopperInspected":30,"stat.useItem.minecraft.sign":603,"stat.cauldronFilled":2,"stat.drop.minecraft.repeater":1,"stat.pickup.minecraft.firework_charge":1,"stat.trappedChestTriggered":6,"stat.pickup.asistmod.block_victim_1":2,"stat.pickup.asistmod.block_victim_2":2,"stat.useItem.minecraft.lever":31,"stat.useItem.minecraft.hardened_clay":530,"stat.drop.minecraft.iron_bars":1,"stat.useItem.minecraft.oak_stairs":108,"stat.drop.minecraft.firework_charge":1,"stat.drop.minecraft.wool":3,"stat.pickup.minecraft.wooden_button":1,"stat.useItem.minecraft.purpur_pillar":5,"stat.useItem.minecraft.redstone":1340,"stat.useItem.minecraft.sea_lantern":1189,"stat.useItem.minecraft.red_sandstone":2,"stat.sprintOneCm":255703,"stat.useItem.minecraft.stained_glass":5,"stat.useItem.minecraft.hay_block":9,"stat.useItem.minecraft.dark_oak_door":4,"stat.useItem.minecraft.stone_slab":236,"stat.useItem.minecraft.ice":2,"stat.useItem.minecraft.bed":3,"achievement.openInventory":297,"stat.useItem.minecraft.cauldron":2,"stat.useItem.minecraft.wooden_button":6,"stat.useItem.minecraft.hopper":14,"stat.pickup.minecraft.lever":2,"stat.deaths":3,"stat.drop":10,"stat.playOneMinute":3226041,"stat.useItem.minecraft.cake":1,"stat.useItem.minecraft.banner":1,"stat.useItem.minecraft.nether_brick":313,"stat.useItem.minecraft.ladder":2,"stat.pickup.minecraft.iron_block":1,"stat.pickup.minecraft.iron_bars":1,"stat.useItem.minecraft.birch_stairs":40,"stat.diveOneCm":14851,"stat.chestOpened":3,"stat.pickup.minecraft.sign":41,"stat.useItem.minecraft.stone":902,"stat.useItem.minecraft.quartz_stairs":20,"stat.useItem.minecraft.heavy_weighted_pressure_plate":1,"stat.useItem.minecraft.stained_glass_pane":80,"stat.useItem.minecraft.flower_pot":25,"stat.useItem.minecraft.bedrock":57,"stat.jump":4086,"stat.useItem.minecraft.trapped_chest":3,"stat.crouchOneCm":49375,"stat.useItem.minecraft.nether_brick_fence":32,"stat.useItem.minecraft.stone_button":31,"stat.pickup.minecraft.painting":1,"stat.craftingTableInteraction":1,"stat.useItem.asistmod.block_victim_1":1,"stat.useItem.asistmod.block_victim_2":1,"stat.useItem.minecraft.glass":16,"stat.useItem.minecraft.dispenser":10,"stat.boatOneCm":3262,"stat.useItem.minecraft.redstone_lamp":714,"stat.pickup.minecraft.repeater":1,"stat.brewingstandInteraction":4,"stat.useItem.minecraft.gold_block":18,"stat.dispenserInspected":1,"stat.pickup.minecraft.planks":1,"stat.useItem.minecraft.end_portal_frame":2,"stat.pickup.minecraft.quartz_block":1,"stat.useItem.minecraft.wool":6190,"stat.useItem.minecraft.iron_bars":10,"stat.flowerPotted":21,"stat.useItem.minecraft.command_block":888,"stat.useItem.minecraft.bone_block":11,"stat.walkOneCm":3362439,"stat.useItem.minecraft.chest":1,"stat.useItem.minecraft.comparator":207,"stat.drop.minecraft.iron_block":1,"stat.useItem.minecraft.redstone_block":7,"stat.useItem.minecraft.spruce_stairs":276,"stat.drop.minecraft.planks":1,"stat.shulkerBoxOpened":3,"stat.useItem.minecraft.stained_hardened_clay":180,"stat.pickup.minecraft.sapling":1,"stat.useItem.minecraft.leaves":4365,"stat.pickup.minecraft.banner":8,"stat.useItem.minecraft.prismarine":21,"stat.pickup.minecraft.barrier":1,"stat.useItem.minecraft.tripwire_hook":5,"stat.useItem.minecraft.barrier":72,"stat.useItem.minecraft.iron_block":236,"stat.useItem.minecraft.wooden_pressure_plate":4,"stat.useItem.minecraft.stonebrick":3436,"stat.useItem.minecraft.wooden_door":10,"stat.useItem.minecraft.mossy_cobblestone":8,"stat.useItem.minecraft.cobblestone_wall":13,"stat.sneakTime":68276,"stat.pickup.minecraft.wool":2,"stat.drop.minecraft.quartz_block":1,"stat.useItem.minecraft.brewing_stand":2}