{"stat.useItem.minecraft.command_block":8,"stat.walkOneCm":629725,"stat.pickup.minecraft.sign":2,"stat.useItem.minecraft.stone":49,"stat.useItem.minecraft.repeater":39,"stat.leaveGame":22,"stat.useItem.minecraft.comparator":1,"stat.useItem.minecraft.repeating_command_block":1,"stat.jump":428,"stat.swimOneCm":129,"stat.useItem.minecraft.planks":2,"stat.useItem.minecraft.redstone":3,"stat.useItem.minecraft.sea_lantern":8,"stat.useItem.minecraft.spruce_stairs":2,"stat.crouchOneCm":8398,"stat.useItem.minecraft.stone_button":11,"stat.sprintOneCm":24840,"stat.useItem.minecraft.stone_slab2":882,"achievement.exploreAllBiomes":{"value":0,"progress":["Plains"]},"achievement.openInventory":11,"stat.pickup.minecraft.repeater":1,"stat.flyOneCm":2365994,"stat.playOneMinute":316228,"stat.pickup.minecraft.stone_button":2,"stat.sneakTime":7007,"stat.timeSinceDeath":316228,"stat.hopperInspected":3,"stat.useItem.minecraft.sign":11}